Id,y
10000,-23.480976560402496
10001,272.3892446135296
10002,-419.46246178502645
10003,233.45433728086937
10004,-181.07332217193684
10005,-234.35330993449355
10006,-387.5315385885363
10007,477.3581966438077
10008,-315.6409925156606
10009,318.09026712927164
10010,15.18872690640986
10011,548.7615894392331
10012,-58.00969492781889
10013,115.11910766150125
10014,-498.6156620727088
10015,506.62933959925584
10016,203.15148628129086
10017,-173.2535740111716
10018,198.88051183849313
10019,-113.92439287666002
10020,168.9583471033691
10021,582.8618393122885
10022,492.9880692462277
10023,-36.399556761529105
10024,-17.965990676564985
10025,-356.2660533032909
10026,-107.17294199203184
10027,-42.05166269736829
10028,406.01394041403404
10029,170.14852152560516
10030,372.71252080463296
10031,798.7821535845953
10032,265.6277028275633
10033,-45.111464515626466
10034,75.89395690466431
10035,399.21016344456257
10036,412.38651088197486
10037,517.4662716452096
10038,-311.8796852554123
10039,-4.864913407238589
10040,-396.5764519948333
10041,-385.67490876447124
10042,273.20106188523545
10043,346.9707925975086
10044,-2.541779697574744
10045,-367.99621897071546
10046,285.50179959582954
10047,-337.02039509618794
10048,-233.39133214166174
10049,393.89313683294716
10050,-653.4815159606208
10051,-391.057243086153
10052,301.9290332566593
10053,-81.39622777312302
10054,414.161090088556
10055,-239.33391199150114
10056,169.05241694412666
10057,-10.576041062283467
10058,389.3450490477805
10059,-16.95596706797606
10060,110.42167292717563
10061,14.80410697403125
10062,497.5426921712333
10063,58.748027955992114
10064,775.2423011161491
10065,-614.5468263640234
10066,-115.92381060367204
10067,36.92402390734269
10068,352.43865736237694
10069,221.73480723144147
10070,126.92244181467605
10071,-123.06194860291927
10072,670.3751918649027
10073,-27.31295016587141
10074,-22.68947797599258
10075,-68.45034928727667
10076,-281.86176892111115
10077,342.5762154736892
10078,328.01810426038014
10079,305.6852661985935
10080,-512.838632855391
10081,370.7971714392137
10082,-205.33190860652672
10083,356.3552399311288
10084,-274.20482839637
10085,-127.05248033679962
10086,-80.43788653254374
10087,-573.813690328884
10088,-166.97438220746488
10089,105.6737521055768
10090,-171.08944004107124
10091,51.92220377387922
10092,150.39221903107003
10093,453.3082360620385
10094,848.7000297403853
10095,-251.52250976152865
10096,431.8906492491836
10097,-22.9267422930173
10098,134.91352640760658
10099,-83.9262810966658
10100,186.3963113616803
10101,-74.94740910771147
10102,-82.26752516997252
10103,-174.53467464933408
10104,-374.03856562999164
10105,-26.506641917474113
10106,261.733940858215
10107,138.65322920385353
10108,245.4268085360273
10109,-18.24524699131624
10110,109.07123938180844
10111,-603.8839274592949
10112,-277.78905238619507
10113,372.013769347817
10114,-65.59102532359748
10115,-757.138244395695
10116,15.729890202127182
10117,-375.80638447797577
10118,59.78546972430556
10119,174.31087425886855
10120,-31.622301179457608
10121,-564.3928203264594
10122,488.22847290489256
10123,-825.7816918855473
10124,156.20938679137222
10125,89.69010431479097
10126,3.2936132807119063
10127,-471.36346163816296
10128,-247.48768894983428
10129,-248.80090812495823
10130,88.06212692528892
10131,-23.25508369133526
10132,-170.99502258276104
10133,-45.941278552906674
10134,733.8907858026848
10135,328.45701797715316
10136,-262.2038903320061
10137,107.69386618694831
10138,-509.3983710041552
10139,40.28848368218078
10140,-476.7949844502565
10141,-183.93183005401525
10142,-389.95153605127945
10143,-339.9296089779971
10144,586.0368753239663
10145,-396.4070335129878
10146,343.77736275908075
10147,-151.21921560412545
10148,534.2982633028457
10149,-69.1447048123131
10150,-66.6028076209574
10151,11.5193024915759
10152,131.30084561515912
10153,-365.9522676757593
10154,431.6150879717304
10155,270.49379309523624
10156,772.5780992885334
10157,-69.16494665515557
10158,-191.56554973760828
10159,-700.1583831504696
10160,108.01885741877288
10161,-434.5806070815535
10162,-459.69403179634196
10163,-257.67846593506385
10164,-672.8548752412216
10165,210.96250162643187
10166,84.5306531418583
10167,-294.4149933277533
10168,305.229756075617
10169,136.62776324508712
10170,-124.41714520437225
10171,4.105440946088442
10172,-52.868256155277805
10173,704.8499405898185
10174,500.0311180456741
10175,166.3087490093389
10176,-465.88571418240394
10177,-276.0688152021191
10178,152.09684393400872
10179,149.7376036270064
10180,61.193125479319605
10181,-236.60091164467718
10182,-392.09107321241623
10183,269.7956487499962
10184,-207.97624298244398
10185,164.99593568603618
10186,-77.21407825868064
10187,8.216771531784723
10188,424.40554368887626
10189,-684.9604706026875
10190,-271.9062873818767
10191,244.6329109140963
10192,248.6154237791743
10193,-20.928927343236538
10194,-103.51451060257
10195,399.82378093275344
10196,495.11385735165254
10197,-27.34466603209283
10198,141.3107774597012
10199,367.96963907309174
10200,216.43296674841324
10201,135.7899332045255
10202,152.53713580290432
10203,163.54861325344183
10204,36.600863491051555
10205,-53.57505986412544
10206,640.4884353255384
10207,-228.4054985585836
10208,-139.32433004914375
10209,408.6732160825626
10210,91.90912313501151
10211,-70.49218325353826
10212,-203.4668283435445
10213,208.3145111338172
10214,116.39766541734308
10215,232.42360504651722
10216,-393.18224001638475
10217,-158.16769337156666
10218,370.29003356672575
10219,-177.26673228948874
10220,-28.02255172891533
10221,-26.645409504280376
10222,88.22642611511012
10223,841.7470343892772
10224,168.3364772241058
10225,-422.77555178923274
10226,301.1358846638533
10227,387.40394316273745
10228,-529.4221484866193
10229,-532.8594488498586
10230,-431.12360461831054
10231,71.04483258764985
10232,158.6370854840267
10233,233.74037703485126
10234,-48.51734181121132
10235,555.1865648807216
10236,-146.74505060448584
10237,224.73809824336897
10238,-66.07146072724092
10239,-49.971657307124914
10240,-82.0453649579686
10241,142.15917117158972
10242,556.8034375151565
10243,-278.75618943300145
10244,24.312087073949463
10245,811.4478036310643
10246,9.681349187458888
10247,21.07254932848721
10248,552.6691587185148
10249,-252.41827406198334
10250,521.325701125678
10251,61.113718078120705
10252,50.16484234485722
10253,271.6355043441024
10254,100.13867667733543
10255,-526.3619624660829
10256,-200.19151843396787
10257,-138.98863587397148
10258,-332.32328312942195
10259,33.724876508169615
10260,423.3612053225006
10261,343.5207073304276
10262,-142.59060656884932
10263,-156.96436691589037
10264,348.88187635899266
10265,-571.079079898126
10266,272.7719500856111
10267,-308.1784873906476
10268,161.2273512143314
10269,175.35361029986046
10270,66.33108903876322
10271,-13.341503734040183
10272,337.6268644679556
10273,376.9528969149364
10274,-56.77948956458282
10275,38.883478273111244
10276,-419.7363468086006
10277,325.39123941014464
10278,-38.15942248847231
10279,42.03749390279245
10280,-168.4223450282269
10281,-41.49102449345352
10282,-267.058001627091
10283,98.94740517689797
10284,-90.43828427649086
10285,-242.65132115178645
10286,-11.314072017915123
10287,-130.15797753373337
10288,-235.21436170351222
10289,357.3375588640881
10290,-16.33963476446411
10291,39.68439441142537
10292,515.8136755511601
10293,356.0940056886086
10294,-46.333526981520464
10295,-332.2371517767483
10296,369.6515432674592
10297,52.24875279122254
10298,-212.50381423273996
10299,-575.7373470770908
10300,-76.81476130977207
10301,166.91300075134762
10302,-410.116368142175
10303,8.723999715631445
10304,-407.0504001370148
10305,-247.10834918877703
10306,455.36911986729945
10307,-263.9386758304079
10308,-248.3661685604795
10309,-137.93871498165143
10310,772.4350615465167
10311,-626.051559314789
10312,575.539429049943
10313,-396.0048475375031
10314,437.6820136003378
10315,273.2819277092077
10316,-165.1426095659777
10317,-328.8906199039309
10318,170.89587473051566
10319,-261.41413149808534
10320,315.75520966917725
10321,31.721396120256557
10322,146.8057468661291
10323,77.83509304054058
10324,-595.1563104511986
10325,162.6869331183737
10326,-502.8061281072521
10327,-27.274162830726468
10328,609.1383346524284
10329,222.06919764130856
10330,989.0388344205533
10331,512.5495113715024
10332,163.40764048166017
10333,-104.13395240746027
10334,261.2307777564743
10335,-221.57883936701404
10336,-205.0973724070094
10337,-265.68670489085304
10338,-293.00341135362333
10339,387.10006504327094
10340,253.70557199211123
10341,162.5378122100429
10342,164.33143002344616
10343,-46.37009203890486
10344,-15.957394037885756
10345,-407.2634693928834
10346,249.19050293999985
10347,-351.61308166393655
10348,-364.66142081638554
10349,127.85763979683452
10350,-300.58508245736743
10351,-183.53293619271648
10352,639.7438587356327
10353,367.52649577970715
10354,485.29481741353084
10355,282.2614558766501
10356,27.386580992002052
10357,52.142451888840405
10358,-146.39484993904114
10359,97.6230063524182
10360,107.49499358953778
10361,-31.436189842888325
10362,119.83502500698003
10363,328.26515617756485
10364,375.3006166999887
10365,22.98324675602953
10366,-370.13037333104705
10367,6.4522578201960465
10368,-324.3546308746181
10369,-37.6283002328118
10370,156.5715746824294
10371,-262.705751358061
10372,-203.78845624187883
10373,946.8832515674466
10374,154.54323322479758
10375,131.86752631993824
10376,103.82642056079018
10377,365.15835147883223
10378,78.38100743229852
10379,-244.0059647461411
10380,601.1515069507025
10381,58.78732452503775
10382,-220.32003184228404
10383,161.18582152004618
10384,-495.8522520625815
10385,135.1795357160115
10386,-189.2266738145747
10387,-479.60948445508086
10388,-343.7742288138078
10389,996.5129793996415
10390,-67.39658323633033
10391,544.4363456398517
10392,128.53767776799017
10393,803.2443366906082
10394,-528.8918468713442
10395,272.58668304133965
10396,-51.04755314988721
10397,40.58236600774814
10398,396.52723525313087
10399,-198.27950729102542
10400,27.086103461071225
10401,-30.46770939035884
10402,161.9661835220597
10403,51.930920189414714
10404,-29.2900963365034
10405,-168.7829127708552
10406,420.9037437879528
10407,-569.1110977219212
10408,119.72929890676522
10409,-204.43780574475272
10410,-177.38718912911807
10411,-110.64479420327355
10412,1.9682552845800072
10413,-476.471407506171
10414,-20.890090734993983
10415,964.104417494558
10416,-478.0297729988034
10417,80.08431461427702
10418,378.765672798254
10419,-89.37921189818579
10420,-110.34643609876863
10421,-495.02912550551196
10422,208.108582926081
10423,86.29492419924037
10424,-54.47608917823712
10425,25.213849343883265
10426,393.16304099039843
10427,735.3475348489021
10428,130.65298526827598
10429,-360.0537215436468
10430,-285.53677576946234
10431,-56.38204423700078
10432,-212.5405922923244
10433,-178.79497430098556
10434,258.8563251331815
10435,548.699243748087
10436,529.9288427315124
10437,399.9947407073926
10438,-208.39128076988314
10439,-669.3285805586924
10440,-200.2546228792892
10441,-199.79814636855255
10442,553.1677561314021
10443,486.91318720344276
10444,285.33964690684326
10445,-86.63813701047913
10446,-224.44410919868545
10447,-53.65062736583387
10448,-215.5472864137125
10449,-300.32383762809417
10450,-249.12524854765675
10451,-343.3523777402223
10452,550.5386285038813
10453,85.50566742424024
10454,-107.58897645769372
10455,273.7699670460146
10456,452.62790644670787
10457,333.09593274616077
10458,149.91166025368992
10459,-316.3194268083003
10460,7.9425758777001585
10461,-56.0501732247013
10462,314.0939889038806
10463,379.31981258551144
10464,140.3972175372005
10465,-380.0275787372859
10466,74.69185551073578
10467,341.4153091617546
10468,-342.96900536127447
10469,362.9594481532978
10470,337.06565646120026
10471,-613.5778432411707
10472,-9.35807205099089
10473,-756.4708194471509
10474,242.60307291348101
10475,53.62038597175105
10476,-248.03349042448892
10477,259.62191641539437
10478,-156.14551794174318
10479,414.31715804586327
10480,-20.56838182529613
10481,-483.47115283492934
10482,97.6905478810386
10483,-390.7961573222768
10484,-5.158331897366111
10485,60.65977989505787
10486,-28.44685181231567
10487,-679.9807781471937
10488,-138.17019840214365
10489,-221.91140006416904
10490,-253.46625136442182
10491,-250.39600138880098
10492,-161.42033020278
10493,-439.2953445828504
10494,45.9802100021665
10495,178.45070184529328
10496,-447.44020501847734
10497,-74.05870964039099
10498,-58.718526553539505
10499,147.78266233563062
10500,-76.50088553294385
10501,-32.27213947966717
10502,545.6574000381761
10503,-388.25970061350534
10504,254.66335011310144
10505,397.6518832174415
10506,84.02921894452324
10507,-89.41497823175641
10508,9.478982847713244
10509,-116.32454722622339
10510,-526.4089764070816
10511,143.75322003759922
10512,-145.06802790333234
10513,-185.81385374019075
10514,24.655261079999164
10515,-319.9888411836999
10516,32.99524676201673
10517,-35.348888778817326
10518,229.19144159406545
10519,732.5600846063123
10520,-12.732765267625398
10521,334.330298765994
10522,-238.98364511694547
10523,-230.36928423634674
10524,672.0736898598948
10525,149.8061510131445
10526,-61.87064664747537
10527,885.5142491507286
10528,191.46393917527814
10529,-289.1310490112958
10530,555.505179480779
10531,484.841287934546
10532,-311.80336045120583
10533,204.61733052241652
10534,133.87279897851315
10535,333.45461297503357
10536,829.4371275262721
10537,-332.8083057879173
10538,-168.66258829804357
10539,202.8051945250522
10540,438.54654790598704
10541,-319.16399918573825
10542,611.473908493975
10543,-248.4075982334515
10544,365.1111192582235
10545,84.85578551641626
10546,396.45339296855406
10547,31.689476261119157
10548,367.15344071653556
10549,144.06628633076758
10550,-121.03593245568163
10551,127.88382856181323
10552,-158.288112852181
10553,644.1582116300855
10554,-163.65440496958638
10555,-196.58291763777214
10556,-366.2937459372979
10557,-282.0263225967453
10558,-175.69808575559793
10559,171.55087884783194
10560,848.8167912276652
10561,178.72442359134857
10562,-182.11439410312136
10563,-492.37904767372856
10564,217.02955438245837
10565,-3.665691640665658
10566,-354.0334950119542
10567,-80.41013004051584
10568,-151.74237332420938
10569,296.9547240581515
10570,74.10858469552419
10571,-227.15564329669
10572,-484.0144150303153
10573,-291.26637325049654
10574,320.84532134088124
10575,231.2082782947834
10576,432.6432309468855
10577,-250.95233863457236
10578,-167.4808723702188
10579,-111.7841688485826
10580,-241.36119213370168
10581,-393.12961509798595
10582,329.74075195342664
10583,-281.91852499708386
10584,-123.11424206838791
10585,301.1432112348514
10586,-30.52799483237172
10587,457.87960198621863
10588,-165.61390926076058
10589,-591.12638431569
10590,477.64926371435286
10591,-696.521738829088
10592,-147.92107067242972
10593,-744.1009212397803
10594,-276.75680673704113
10595,41.57006774201404
10596,332.6363469047657
10597,-101.5047628652443
10598,-51.04828801046344
10599,490.50259356895975
10600,579.9611970088858
10601,75.7803431018791
10602,-184.09757376365408
10603,103.25503224588346
10604,-705.0143606914822
10605,-328.84076829573934
10606,-206.8409051345
10607,188.62748671107946
10608,135.5210814418359
10609,213.41704363633232
10610,-22.269317957033806
10611,536.5099419264926
10612,563.685303863185
10613,-87.57058478602032
10614,-354.33327457776784
10615,118.59845046454363
10616,-218.65718306084142
10617,-115.47145505329311
10618,-146.42356346411435
10619,-272.00775812274946
10620,-422.5898431083366
10621,-122.28036017216351
10622,-147.8449478401102
10623,525.7742393875367
10624,-3.057286626968865
10625,365.1290571934832
10626,242.12218264611576
10627,391.4553638418945
10628,158.74044799072126
10629,667.5602378486566
10630,489.432517665976
10631,-119.8144032459729
10632,-481.3596302611643
10633,689.0729556928701
10634,-491.6155654008471
10635,-278.37614289557575
10636,143.9327936104455
10637,259.98973874863196
10638,-119.01497633904359
10639,-106.62277342117419
10640,-305.60014841378825
10641,420.1556864505189
10642,-37.50008141924844
10643,-331.342401672513
10644,-45.16338423483494
10645,245.21287074175632
10646,-138.0951783193904
10647,-31.898387388629065
10648,-132.94180543642554
10649,419.04230277205824
10650,241.38592635750962
10651,-391.0375760180072
10652,-243.61090553641614
10653,497.70657765325114
10654,-167.29223472394713
10655,26.841151018654628
10656,-286.78971820508605
10657,260.9307534170586
10658,-393.6635246097446
10659,-237.82066652930436
10660,208.2957688446419
10661,-301.94164955363
10662,109.359807441914
10663,-30.658020516555553
10664,105.22818317068715
10665,598.3691689032529
10666,203.97753742883015
10667,282.6986137317606
10668,-268.89499724092275
10669,-802.1697988456461
10670,-462.7426953123898
10671,564.6237554369429
10672,-191.3544595722203
10673,-200.18422649936312
10674,37.918260194687
10675,-232.38223489541966
10676,-127.68381455892111
10677,-631.2704388482041
10678,-105.77796794548497
10679,142.40540431570338
10680,-159.36683471545263
10681,-255.5484923580477
10682,-250.7671015295875
10683,491.75588262355024
10684,-486.27742409368847
10685,53.280022368996484
10686,-311.6022489440276
10687,-111.10689428685765
10688,33.18685385066338
10689,-699.124809312553
10690,366.62924795356525
10691,29.132851760586203
10692,69.36691104875479
10693,-206.62336197026374
10694,319.1687029264916
10695,337.38093940535185
10696,-402.1765500074704
10697,40.48838186314802
10698,-70.84983960975006
10699,-359.74807484833644
10700,-200.83995594850947
10701,-362.93171935538817
10702,73.12300289131164
10703,-453.4670378947646
10704,-160.75845762423873
10705,-102.63376918738383
10706,273.52660549509733
10707,206.75420200761357
10708,200.87181047649065
10709,-7.928015795384612
10710,-840.0817478323064
10711,-354.8345563437954
10712,122.00739289768798
10713,-691.3660974355023
10714,-102.278470997532
10715,-111.50377699227286
10716,165.55793946783808
10717,0.21268123895929925
10718,770.412257767119
10719,45.38616243219916
10720,230.48461256567933
10721,-86.39865229088484
10722,50.15987280766127
10723,-127.88270777332465
10724,216.11850519763672
10725,132.80905021767822
10726,224.59832205676867
10727,-382.497747509925
10728,353.35134561292836
10729,335.27563257691713
10730,-344.36700493530367
10731,-257.6214629967067
10732,74.34084621190677
10733,-46.53156752822636
10734,267.6509744024784
10735,-506.46250296816186
10736,40.095990265515056
10737,150.0023407255927
10738,401.53936090908724
10739,943.6249481576912
10740,-301.46853703180545
10741,-393.8468723791527
10742,37.54537426271331
10743,-378.4684286381616
10744,355.17983963161555
10745,49.50372187808647
10746,-484.3855482087343
10747,97.17408107633648
10748,472.52582656661406
10749,39.37428992291437
10750,-438.4725359123765
10751,-17.810214339661698
10752,147.28943558284493
10753,-174.38337624029626
10754,-274.62311609204676
10755,-28.995983294652117
10756,374.3767050969331
10757,231.31690895904563
10758,426.48595535434424
10759,102.95915438846762
10760,304.88874800953374
10761,601.1426645565356
10762,-351.81055716922504
10763,-497.55751206513804
10764,411.6357101598712
10765,-291.0095191687473
10766,-131.41927931169434
10767,442.4636017201731
10768,-412.6444590641265
10769,-53.19365233976227
10770,133.62761363731423
10771,-305.9432632504951
10772,172.4061190376051
10773,87.09595671085805
10774,-401.236312217098
10775,-66.96695111098023
10776,-91.36061181388146
10777,-545.3023639515828
10778,40.21224146106402
10779,288.03039755499805
10780,99.69165831197418
10781,868.3533914165301
10782,-438.570079250285
10783,208.93948213070777
10784,-143.6856974899585
10785,182.22891670250772
10786,452.08796363548265
10787,136.90692937563418
10788,-85.93473374913364
10789,-769.9562842010926
10790,-193.83097897535183
10791,-410.876914608333
10792,-174.46461619230604
10793,564.3120899190423
10794,-58.48857717315145
10795,627.496453672551
10796,-316.5032596646152
10797,-300.9502511941613
10798,412.52604151681976
10799,231.22701661220955
10800,105.94294806343947
10801,511.8857588316812
10802,-180.37448840217027
10803,-24.955233289990655
10804,179.98303208974386
10805,46.69894916293124
10806,-666.7182653665714
10807,-58.07500571080405
10808,48.662782649705754
10809,298.1468269085613
10810,-441.2897784168012
10811,-458.49439955026287
10812,115.8844341613807
10813,9.002818218674989
10814,209.89223329224075
10815,332.26297378506797
10816,-234.33194805146695
10817,99.37559387303381
10818,-514.6088169159125
10819,325.09563738953915
10820,-386.0449104685378
10821,679.7332937233201
10822,434.56372407357503
10823,-323.698276664731
10824,-20.861406045897322
10825,46.26280314058496
10826,64.12922557400461
10827,-399.12927075155983
10828,-236.25662760241792
10829,-773.6794899746162
10830,-29.90559720481997
10831,209.05972250937464
10832,-152.61777984711378
10833,724.7094352375555
10834,-575.749006467765
10835,178.6578483278934
10836,606.7583079610826
10837,-376.8828755883022
10838,202.70430859200164
10839,477.24555046969886
10840,40.67303929643415
10841,-399.33475259470083
10842,-39.61522742477301
10843,41.26045184682511
10844,350.5537904604402
10845,299.28933883850635
10846,114.83458715134722
10847,-206.24228614838785
10848,146.29208501329538
10849,-489.2968592903141
10850,-287.1898311824128
10851,341.24364512836
10852,35.25197295344932
10853,18.7975853903958
10854,-265.83823828840036
10855,215.05842815407473
10856,250.81202242027777
10857,616.6861616695408
10858,239.08093832226808
10859,366.1705425886164
10860,-16.1624942585725
10861,71.46572637560715
10862,-51.23190902330279
10863,-215.09116200615114
10864,690.8983212241546
10865,-496.58292155512856
10866,-123.48670346602466
10867,-86.51778487131794
10868,-389.147625873959
10869,-323.62558888828096
10870,-630.4160244092449
10871,212.14172940056574
10872,-178.8977135099525
10873,232.57036238850975
10874,-163.40823397854697
10875,-280.8677062875765
10876,272.1271233561305
10877,-289.8174495471185
10878,-283.7909340786378
10879,266.83316344583733
10880,-174.23157070561513
10881,101.61580047289407
10882,-432.53423264863653
10883,-105.16492309226282
10884,182.8999943948182
10885,-198.3690537272172
10886,-108.26820033073074
10887,186.25256532215425
10888,330.02587109963355
10889,-387.2603088765002
10890,-36.09410835361432
10891,-277.950805990846
10892,-417.7860222542038
10893,-303.5581249777616
10894,13.076439628850668
10895,-87.94201013513114
10896,280.7391598209913
10897,-219.0791714629509
10898,373.27892266766094
10899,-578.3928228070858
10900,-418.5598872031045
10901,597.168013053237
10902,422.73532919507426
10903,263.28920569121146
10904,447.84396480573776
10905,141.01112721890163
10906,-219.4361207863563
10907,727.8589429724357
10908,251.78673593151564
10909,75.79595966930304
10910,432.19793563079423
10911,10.412684592856762
10912,-18.84922708993272
10913,93.76707119590742
10914,-229.73721023569684
10915,58.7807284911255
10916,-31.664155775584074
10917,349.4258264158482
10918,110.49151163486376
10919,-429.99701951409173
10920,-507.79251157794147
10921,96.02177992301489
10922,-108.7813416376153
10923,-142.85992468503628
10924,613.3661725415294
10925,2.0913305970833624
10926,370.88752585531125
10927,-52.88002274843926
10928,-21.222157924256052
10929,247.62582277042515
10930,-185.24303693895567
10931,95.59184873391602
10932,-104.52057356137743
10933,-867.894775654978
10934,80.98290894850592
10935,-71.98185294237268
10936,56.242290150805445
10937,728.881705132479
10938,159.40710803468238
10939,298.7436772969843
10940,39.539910882572684
10941,503.3694677981153
10942,77.10804500447263
10943,105.2399177619157
10944,102.83639576181484
10945,-225.07799451516925
10946,-355.9596341827236
10947,-22.891099417278937
10948,-129.81371271174368
10949,-135.50863809752772
10950,99.91697497394088
10951,90.8551169373717
10952,-183.03475809573354
10953,-492.15520461841203
10954,-36.056027468893554
10955,310.2268128097199
10956,380.6141571479268
10957,117.95369828354326
10958,177.86766794539963
10959,-313.6040999909514
10960,52.82414493379614
10961,539.1615796014945
10962,-28.31141290372238
10963,287.8001653222208
10964,-1.284687526382192
10965,-83.42704374869092
10966,801.4250980847041
10967,81.7204612569992
10968,-178.93291708414063
10969,-37.51370139464931
10970,-101.11949131513718
10971,-228.18611233685982
10972,209.13328643736446
10973,319.44931856196246
10974,134.29398601530377
10975,-280.8877681115325
10976,581.3371703247561
10977,15.372769011181074
10978,-245.09928819269524
10979,392.8564652662481
10980,197.50651191767662
10981,311.6549522962648
10982,-260.73717361601916
10983,-212.48663518971088
10984,-604.2943081784384
10985,-19.32792889213818
10986,-726.7098037131251
10987,329.7420144427303
10988,-277.7259112824092
10989,69.5311150785165
10990,298.3483652143356
10991,551.9685847313553
10992,293.37510677658923
10993,103.88065624486555
10994,-12.51239172104988
10995,-592.8857281449997
10996,-60.752158036859406
10997,-250.6825761574151
10998,-277.251005510963
10999,216.5233613536707
11000,226.59466057746417
11001,-127.9381525426231
11002,365.8645125585423
11003,101.76306781736345
11004,-213.70994245426462
11005,81.89773824847131
11006,350.0735362997293
11007,-131.44313447763352
11008,-364.5095580311396
11009,-412.37793106852706
11010,-263.0071872627429
11011,-498.81629827800236
11012,-659.7698076666416
11013,-634.5451213254482
11014,12.268113865572243
11015,-49.30929076023288
11016,-620.5990756884997
11017,80.91051400700512
11018,3.8903865388508114
11019,-462.46222688377827
11020,-248.2410166536977
11021,-220.98093637046588
11022,159.30451591468653
11023,320.91494841799584
11024,280.488346031587
11025,546.1129959617213
11026,666.125144992674
11027,-119.60725741639418
11028,69.86290186402317
11029,87.07791909413835
11030,88.77805075499118
11031,-149.7885631470008
11032,154.57435438071795
11033,-117.81808687381888
11034,1.691444539719618
11035,-100.51916125478876
11036,244.06091381526645
11037,212.7565926384103
11038,-445.8288971523059
11039,-20.43281113350816
11040,340.3525295962476
11041,-289.20945623372654
11042,-545.0234595016084
11043,-237.01090607050992
11044,366.68273115724327
11045,-10.49764432148312
11046,-195.85450451620395
11047,591.0460573429601
11048,196.55272601495054
11049,-321.20266845916325
11050,86.3370530710096
11051,-17.19675694307652
11052,51.874690149208874
11053,-429.1851725464046
11054,194.38509446888844
11055,149.5953966081547
11056,-880.8632658207632
11057,-70.66825663702065
11058,-37.104575052425716
11059,516.2024692674527
11060,-8.337588914624677
11061,-698.9342444606255
11062,585.3170066806069
11063,29.82292236363109
11064,-99.01639592231956
11065,833.5241854420615
11066,408.67479836925236
11067,175.07182574431374
11068,-247.14918924623913
11069,411.3221970320986
11070,224.85692822231053
11071,726.097252172294
11072,21.53663665482438
11073,-826.480665559158
11074,-64.87801928984666
11075,-40.72765075319834
11076,-110.48016548542563
11077,137.34652772017654
11078,-129.3632431818173
11079,30.3331262077553
11080,19.02519123762725
11081,-30.129911915567405
11082,-48.885517772517886
11083,-349.1566316880521
11084,-303.73221965736826
11085,112.4514792418999
11086,-344.22529134370177
11087,159.15565644978867
11088,15.466364737171798
11089,223.4504430859433
11090,162.7575292714703
11091,90.0348897761449
11092,-127.5292413677553
11093,-419.54952784305596
11094,286.47986274619626
11095,-466.41691559916165
11096,258.42976836210323
11097,-417.1555937715249
11098,-521.556114132499
11099,73.61068332840078
11100,-22.292063236840754
11101,-654.4202951602997
11102,-173.49544018550665
11103,-91.94917908730869
11104,69.57964985095454
11105,-148.14213149282395
11106,46.92389642809346
11107,664.7884409018146
11108,-271.0465482169415
11109,269.44563598429545
11110,370.91412004376406
11111,288.4965130012923
11112,-347.3241291987863
11113,-451.08255192680866
11114,157.38288312227309
11115,143.80125455505168
11116,-644.0497711025926
11117,133.03653770060558
11118,261.2120096918588
11119,30.401777400121787
11120,-419.52555581463133
11121,-409.8706671498678
11122,210.7002358789779
11123,-344.7362184401236
11124,-405.0098627435032
11125,200.59147084407363
11126,523.0365451653327
11127,-680.4426436157188
11128,403.1692633849807
11129,46.717432571231775
11130,-46.042063066249256
11131,98.47587061804249
11132,-284.58978811541874
11133,163.91038153751063
11134,-50.83422371931786
11135,-535.1922579751558
11136,-638.7023209012564
11137,-168.85333757472628
11138,-123.53104176636273
11139,42.704291079357375
11140,-334.0479917362483
11141,-62.67454715139752
11142,-267.87260481909135
11143,-78.25109246088078
11144,-75.849547612439
11145,-66.72067509979445
11146,126.03162905746366
11147,-30.448609241586365
11148,-150.2165659606885
11149,-116.2634591191828
11150,-335.39234414461066
11151,-117.75094636468663
11152,-73.4273907463259
11153,32.157871832426196
11154,338.1426041776727
11155,-70.5419024589433
11156,-123.03695947085687
11157,189.17402779051747
11158,-677.9415765585077
11159,-395.8004374851727
11160,399.37345443978916
11161,-483.32922712039715
11162,162.32611253762167
11163,441.56401250166044
11164,-366.9884326766861
11165,80.53603858736511
11166,-182.22549249727066
11167,349.3933226556587
11168,-284.4596751064493
11169,-58.54462073612649
11170,270.67329900765577
11171,-249.75623500220576
11172,-183.74567375591636
11173,-272.8035193715216
11174,-363.66242184340086
11175,-307.7383186474568
11176,-42.53349637695314
11177,-88.97677279646337
11178,146.86061960106542
11179,553.8502506002247
11180,192.67789135346155
11181,844.8232418899984
11182,275.213202671298
11183,244.5654471179106
11184,11.547678110297056
11185,482.98598733083446
11186,436.6517669446705
11187,-177.27631201285982
11188,543.5066792133628
11189,163.49968370887225
11190,-838.6402279087675
11191,390.78788793927833
11192,-86.16304414303372
11193,244.0743261316402
11194,-11.97009217647088
11195,-274.9240217727202
11196,200.9399681742653
11197,89.97022703082963
11198,41.12752274587768
11199,-560.3291250389125
11200,-129.64654384811215
11201,-145.645432544233
11202,791.0860705114538
11203,-298.31763788159276
11204,-562.2421246786411
11205,-396.4404512524211
11206,-279.6705858241326
11207,47.59703925877355
11208,440.6398441386267
11209,-274.96426732449686
11210,-274.83767228238463
11211,-280.6553865198674
11212,-203.3015797145901
11213,-389.73919847944234
11214,148.78077079581337
11215,-401.8713272562411
11216,43.66762462048061
11217,464.97081815757997
11218,376.17693059383896
11219,19.306215107525958
11220,142.0698461518315
11221,234.5139208861635
11222,352.80314878605725
11223,-520.2495070036274
11224,-55.05994003136534
11225,118.64320745074312
11226,123.64793797144011
11227,325.27893523797275
11228,-508.413515094145
11229,618.6735133301268
11230,148.82010877284074
11231,-98.87190400291661
11232,-34.99458893252519
11233,27.52619801773758
11234,276.78540994101394
11235,-483.34872726141356
11236,-307.2631428509126
11237,-456.7258084759144
11238,319.40044546589155
11239,-267.93689426209744
11240,-185.70825099551965
11241,6.8780142580585215
11242,-463.018822009314
11243,527.9302696627898
11244,158.39929173915334
11245,-31.631705786560108
11246,100.54458477665838
11247,-473.19046814642326
11248,371.32064379227256
11249,-638.246988282192
11250,-28.174641073617927
11251,-132.07366294070775
11252,-126.24161478469301
11253,-392.9218821548993
11254,-56.8559834870509
11255,26.91583052107742
11256,-472.911396487372
11257,98.7742523787006
11258,241.88285697550288
11259,-212.16678522117985
11260,-157.39954013221725
11261,-586.7597778344212
11262,186.9282615898088
11263,160.6189079133395
11264,184.3901723457972
11265,128.93323181549954
11266,-318.1731551547671
11267,-60.95600786706383
11268,123.73049665326263
11269,143.60739518214743
11270,-555.1873123371607
11271,217.65957053106936
11272,183.3531300254623
11273,-410.4231949615681
11274,227.24871086973747
11275,-151.67904465603476
11276,48.39039816388375
11277,-472.6936098573999
11278,305.18513328925815
11279,-596.9094481970164
11280,-112.47145009584922
11281,381.6266380778518
11282,-472.0190465880326
11283,-379.5499394266636
11284,-137.02549582752738
11285,-205.34723311387876
11286,97.05883513438233
11287,-50.44073373575515
11288,14.520534402237242
11289,997.2037834733795
11290,-532.7053760547357
11291,-58.18083732888772
11292,-228.6810100670967
11293,-283.73359858682477
11294,-52.09320442072771
11295,154.0388219301666
11296,90.42465694511522
11297,118.08657701235272
11298,183.73747409749558
11299,89.34016191784505
11300,868.4735116204678
11301,-392.9360449584938
11302,-255.98452284702157
11303,356.54365205825013
11304,198.98031265039782
11305,164.23356958917532
11306,242.4953772065728
11307,252.37559401809327
11308,-165.44757957894524
11309,90.99699193460467
11310,350.63006042473535
11311,233.42168323419097
11312,-334.6744168506097
11313,-843.2284697587285
11314,721.3014019664449
11315,-64.19639437340652
11316,639.2291129876046
11317,111.79461244854396
11318,618.3066710507983
11319,216.34594099199495
11320,-21.22392201163416
11321,-345.01366552548234
11322,389.7195161720913
11323,58.377836286149396
11324,-106.61771936964429
11325,-212.57950195847582
11326,199.91988568758347
11327,-464.547917284221
11328,-83.44169812374994
11329,318.0738012765202
11330,91.48014570980891
11331,-310.4512612823821
11332,-72.6291158034511
11333,212.86189133202006
11334,161.9617363261716
11335,-209.93831482173383
11336,246.42587842596262
11337,-116.58607742258442
11338,206.2305326440745
11339,80.3232525441904
11340,-216.11583818123464
11341,216.28422108989494
11342,-174.22592531843796
11343,404.5615318567733
11344,-20.125570319369103
11345,809.782629630035
11346,36.01142307925096
11347,92.06286140966533
11348,-122.18447006338079
11349,-752.4785110246236
11350,-134.76607272227525
11351,-585.8808248500145
11352,418.9930792672516
11353,-285.5910843610597
11354,-378.60581800522164
11355,-207.80321655973563
11356,-155.53881515655874
11357,481.9763303063116
11358,384.7096062558305
11359,266.7602571641631
11360,191.58736468471133
11361,-309.9628341313068
11362,-250.9271281416329
11363,4.164074073155411
11364,-410.6009885403803
11365,341.50452747830843
11366,220.6717550801833
11367,220.84277401077662
11368,-330.53248308470893
11369,308.49899452990076
11370,153.1467278295612
11371,-169.09253543588522
11372,266.99831016525064
11373,-405.29556549140614
11374,-642.8383791948451
11375,127.20895697872444
11376,471.29159090194725
11377,188.05014484600954
11378,62.31970921846443
11379,-93.51126923086045
11380,109.07066532317654
11381,413.52466834851725
11382,-58.353744709860585
11383,356.2982784845952
11384,-155.55340499756565
11385,185.82565964728084
11386,686.1700254436954
11387,721.3283846856375
11388,-167.45078096467162
11389,785.321294534607
11390,10.756654205309284
11391,-612.4773436606139
11392,109.59845668134176
11393,-413.87707319701815
11394,-85.45966061359526
11395,-73.85723207376728
11396,-320.06285795758527
11397,-409.07349733149505
11398,-156.10600566069363
11399,438.1765323895238
11400,223.11711146857658
11401,399.69664230535795
11402,325.60329708217847
11403,67.9151948639791
11404,384.70546460861743
11405,-261.0572421966465
11406,-488.0144739901295
11407,111.07177732876019
11408,336.6461836652593
11409,-437.1204779060677
11410,15.732563897846116
11411,-148.65630585744157
11412,726.7308426477715
11413,-516.5737730134629
11414,-213.58482900291213
11415,393.06960967913193
11416,56.77979688729796
11417,359.4021235139246
11418,302.46310732839106
11419,277.701446194679
11420,-91.83218544180765
11421,-656.4126687445066
11422,-160.89104074776077
11423,-173.82324111900596
11424,120.04063284176381
11425,137.9841494095942
11426,-293.07022391934686
11427,-336.7857691628907
11428,-157.4252640320196
11429,-208.1389567844957
11430,452.6253407329962
11431,176.37941273765122
11432,-90.07928607871281
11433,-246.92555950301227
11434,248.2141036708557
11435,191.16727069136456
11436,32.765232561090706
11437,223.27789540079903
11438,-355.92887970295027
11439,-394.981710399251
11440,436.64448702836074
11441,119.69540514867857
11442,-497.32488117690514
11443,68.26855848070633
11444,368.5202828017867
11445,668.7558216280441
11446,716.8696590572617
11447,-119.75937684247349
11448,148.17395683167769
11449,-10.633734023454938
11450,-280.8283864620598
11451,-190.86430930279468
11452,-202.84621980709287
11453,-147.6859269434173
11454,104.42127597657192
11455,-143.54156435048284
11456,-831.3594434039229
11457,213.0590315478058
11458,-199.68238733675173
11459,34.50182249235635
11460,161.5519803652072
11461,-105.70273369027086
11462,-520.1440591286714
11463,128.90988610128318
11464,433.3280416540108
11465,78.39411727566294
11466,45.542756239958415
11467,-266.7582499686461
11468,354.925544040551
11469,452.481660774569
11470,40.86678552917246
11471,5.959005341437824
11472,-297.1925247865472
11473,13.27081201321287
11474,5.6400904446549145
11475,148.84885193922298
11476,-25.98161081128957
11477,48.775093993149895
11478,-670.4782163960173
11479,738.6246104135215
11480,861.5056708296582
11481,340.9237517200043
11482,54.02558637188324
11483,485.5603136699091
11484,-52.22196793864844
11485,-331.04425653991433
11486,-717.3677952960005
11487,-165.01055005176812
11488,-60.007131313439494
11489,456.76989243023695
11490,278.9392317872027
11491,-189.60844581842883
11492,-620.2999584826124
11493,57.83934209429705
11494,-120.73967019004901
11495,434.352101860896
11496,-136.6717020771475
11497,96.00937144798216
11498,-96.98364689583012
11499,-321.8198591092034
11500,238.85649520841454
11501,-607.3848172893041
11502,204.92073875164039
11503,420.2437609793635
11504,-651.6444822665433
11505,298.93571877693546
11506,359.11830686237386
11507,8.377795063780866
11508,-426.057088499844
11509,357.2604368244443
11510,443.4444465080376
11511,-85.82352408016908
11512,-55.951544280046875
11513,-300.23809021429827
11514,111.27048266750612
11515,-802.5782584405084
11516,-10.75301176092037
11517,138.81030303075474
11518,14.627849911116597
11519,149.92335110166525
11520,-173.87785845463802
11521,86.44390950132642
11522,169.36986347203347
11523,-35.65319950387431
11524,-394.70111806796024
11525,-161.74298951038497
11526,-115.13541181083026
11527,-151.29088717322324
11528,-485.11558778573516
11529,236.30109015566183
11530,-361.39621214671547
11531,301.9017296454183
11532,83.54835713249057
11533,70.94675513067432
11534,93.42857661135015
11535,-82.97003173591041
11536,243.75385364069876
11537,713.0081354290772
11538,-2.7623995528287093
11539,-522.5531797355607
11540,226.34006320570592
11541,797.539553854438
11542,347.4792731400882
11543,354.9901265371302
11544,70.6269569455896
11545,296.0645830086466
11546,180.5492896346493
11547,-143.52097964464002
11548,273.96587543061565
11549,-249.05631466955012
11550,17.85929364145646
11551,-81.10104914993276
11552,409.2546789317166
11553,-82.32462011263945
11554,-70.35754036095737
11555,216.74886618164825
11556,-295.01197439102157
11557,339.18234810595374
11558,-420.49311066401515
11559,487.0095615006975
11560,-629.6366174773465
11561,442.9624178491079
11562,86.88170541480721
11563,-475.6423442460197
11564,-588.8659539396208
11565,277.0621121380939
11566,-565.5966150513755
11567,266.4879734783234
11568,193.42724196621168
11569,323.2609259938234
11570,-60.67049948031698
11571,131.57899401795248
11572,-270.9114771066413
11573,-518.6375518358022
11574,-210.0370248277218
11575,-131.6996780126531
11576,776.0462252311606
11577,-409.64851332321734
11578,392.5219769714428
11579,29.218823668428325
11580,427.2711798393357
11581,269.0919132362642
11582,-564.199373064417
11583,-43.76160896342843
11584,-164.3839504539827
11585,-222.61213399580694
11586,-227.0589592460486
11587,229.0166760959445
11588,255.44083723322
11589,-545.6725848366495
11590,103.18164477619543
11591,26.976673662378076
11592,-2.9253354752673
11593,-204.2434788248087
11594,256.1122014066714
11595,21.30745345152478
11596,688.2239774070927
11597,-177.0467075995515
11598,165.44492646637354
11599,146.08251129161812
11600,-94.45884793231593
11601,127.1571523703613
11602,48.92263983536672
11603,78.75219336264007
11604,368.9992353435538
11605,-499.51889883308013
11606,72.30822038418836
11607,147.94837097715083
11608,-34.048702733389696
11609,206.92465665443297
11610,120.57119532095447
11611,-182.42663907414152
11612,-68.06543114694676
11613,-88.94736785993086
11614,242.02567799322202
11615,-14.901137336691923
11616,57.34120120280453
11617,-24.653743390867955
11618,-185.79261742862158
11619,-349.37160626161875
11620,91.26438826125552
11621,238.92262791149793
11622,73.49515484985874
11623,-208.61161539751876
11624,131.9558790040747
11625,637.7741000252913
11626,181.18749700234858
11627,320.2614541175548
11628,-73.18163923962636
11629,-581.2522202774444
11630,-347.25856068956557
11631,90.12947738643122
11632,-223.65817504457794
11633,-129.98183832800711
11634,-273.269987735101
11635,256.15099871739636
11636,-354.0217494951711
11637,-507.8486832611147
11638,-113.6106749599312
11639,-115.54967337219462
11640,-11.718647893024858
11641,30.9585668358628
11642,-508.02005001804315
11643,-79.30214379320888
11644,-246.3242263491424
11645,209.90322899757973
11646,-121.28822420273748
11647,87.5570823252484
11648,-440.05810135988827
11649,-380.306109220864
11650,424.72773433587537
11651,329.7749958209314
11652,111.89357356446632
11653,120.49021084975317
11654,176.47391414766167
11655,398.99597401033475
11656,-242.2003922471907
11657,-558.6217397185924
11658,344.01829017877725
11659,112.57426138514019
11660,-114.92300136568646
11661,-373.0791431297122
11662,-191.48906387282665
11663,-458.433164142015
11664,26.96565145321554
11665,-50.89259240786827
11666,-171.13148893277236
11667,-60.16913817846486
11668,-427.82356980034115
11669,-83.13394894693829
11670,-69.05360861094927
11671,-299.61079746950963
11672,328.5410381816557
11673,-55.22015629798338
11674,261.0183337252035
11675,458.8222176146048
11676,437.44701439367077
11677,-52.620925242777986
11678,26.133887665498264
11679,225.04003074444066
11680,324.82644244863786
11681,8.637644914399013
11682,-174.25142729896143
11683,-349.0563681604129
11684,88.21970367188389
11685,-317.0723546253609
11686,-367.4581901115073
11687,379.89971485550393
11688,-91.1858187620548
11689,-303.6347165019684
11690,-150.93815717509318
11691,332.85172104199063
11692,-260.2050252133688
11693,321.29594528647016
11694,730.9359379529068
11695,149.95599085835084
11696,339.1658778960365
11697,9.035499091265567
11698,183.50296165758107
11699,246.64622079457655
11700,-12.042795943571976
11701,432.915320842631
11702,-325.03992896344005
11703,-245.53130857453505
11704,294.65421464283315
11705,356.15556089307756
11706,-347.9622049030894
11707,-153.82833229029393
11708,-194.6420838152987
11709,-28.797680562006185
11710,-80.50298738609915
11711,420.13847273318316
11712,40.9009599123386
11713,-181.95720599246758
11714,-86.53903210491286
11715,-97.35112723082894
11716,-211.88086476912582
11717,-379.0418633313518
11718,396.15311362447494
11719,-270.04557759820733
11720,60.31830615215102
11721,307.9681873227532
11722,297.9445864828636
11723,190.94857687896362
11724,-236.6550137002702
11725,13.922553990421598
11726,-236.9154780209223
11727,-619.0658623887583
11728,46.60137897130517
11729,137.18116982804617
11730,135.04337978094284
11731,-13.798868873849667
11732,196.8816909029368
11733,101.56801027314017
11734,-272.7222093360799
11735,-168.54141612270243
11736,127.75609541199358
11737,-9.373126360325402
11738,743.4145157694461
11739,-37.719529495796145
11740,-156.9359677016421
11741,93.101939472607
11742,-277.6215861150778
11743,243.19612315903402
11744,-136.93861079575336
11745,-712.5524316485433
11746,306.654109239096
11747,266.8568926709499
11748,-569.2395348265313
11749,160.4237826329349
11750,-222.01723100529532
11751,-198.4729917520613
11752,124.25014339896971
11753,-353.52947357596963
11754,380.0485775742875
11755,-235.74584601888102
11756,753.469668482284
11757,76.96427956749773
11758,503.37014282166757
11759,148.7398159306202
11760,-43.549699476556626
11761,-318.6908016372007
11762,-272.17499221392785
11763,279.34708601631814
11764,-158.52154780225982
11765,-176.84037060161506
11766,328.8310065170988
11767,149.61241445426478
11768,703.4385192992545
11769,-220.16691773339457
11770,-59.301901405614444
11771,-102.57601462556525
11772,-837.4736702392826
11773,-68.84665588074664
11774,50.97893314171073
11775,105.26735445186449
11776,-20.853208859829742
11777,-417.1633081032256
11778,285.8098056017626
11779,-560.388715318007
11780,-445.28172198148786
11781,-10.98349604353085
11782,185.28673814024214
11783,-410.984381392621
11784,604.720857511516
11785,-951.9832854561909
11786,28.254258059049278
11787,-278.0220545813251
11788,-464.0181152283582
11789,-263.05618319474263
11790,201.04732865402977
11791,86.01923087221083
11792,-135.43221154532853
11793,79.38041843503176
11794,317.6469858072105
11795,75.58279818402175
11796,-91.04438704371339
11797,-297.78860688219936
11798,-74.05602221320095
11799,-286.61326277857086
11800,721.7772161453662
11801,-336.8583347211002
11802,-753.6468219275253
11803,-39.31338059092923
11804,268.39877720497907
11805,629.2179692318878
11806,819.050396424894
11807,-194.509636404384
11808,-288.23663684213017
11809,-405.1197205972385
11810,-705.5980569189668
11811,-140.7324933930535
11812,-514.5856103262078
11813,451.3792707102083
11814,-67.40699341420918
11815,389.09268002495224
11816,122.80271694123712
11817,87.52077183322669
11818,-26.209294993737483
11819,-319.4054720894784
11820,-91.41833753759362
11821,-574.7433311506697
11822,866.5548805534808
11823,499.0457364651064
11824,-52.34370908610791
11825,446.432376647681
11826,-65.14943188003923
11827,174.0674800368824
11828,-130.37026168606155
11829,27.587123846940457
11830,942.4456578394869
11831,-534.6907346963358
11832,-716.8668433828329
11833,-256.0245958852631
11834,424.160397925183
11835,518.9948059519852
11836,-876.6178822645078
11837,-125.9987727650803
11838,191.98593381911732
11839,361.7121370807242
11840,199.64873892027725
11841,335.45057253307345
11842,-149.78969611867387
11843,268.1162787674605
11844,-260.5271397192477
11845,-118.58230947407509
11846,-714.7807504204022
11847,402.20121177270335
11848,795.3291940197201
11849,329.2585274025489
11850,493.6318675467494
11851,-46.23291285515346
11852,215.1327814607481
11853,72.32360255337025
11854,546.8483710398327
11855,165.55588241739267
11856,262.299336805537
11857,185.49335714438175
11858,516.7026109573403
11859,656.289866249406
11860,51.11350793773014
11861,238.2894395179041
11862,-284.24421858196206
11863,180.2660450521908
11864,-140.56437889028086
11865,255.69256819993973
11866,-514.276749805644
11867,-26.18399499889245
11868,-332.4779165211512
11869,-78.42468900818876
11870,513.9303272481473
11871,798.2910894931111
11872,-206.3786843337521
11873,186.42452492642465
11874,-87.38266393506052
11875,572.1366183804558
11876,-436.9206722813909
11877,226.77767357177257
11878,90.5486385483062
11879,1009.0001486949853
11880,4.366890344772425
11881,-367.5495212284546
11882,24.022558057939005
11883,121.06939738066747
11884,26.18011890154316
11885,-187.574879667421
11886,-144.66149390089006
11887,210.31663209694653
11888,-266.7975554010629
11889,-30.331689026943852
11890,-15.953784359472643
11891,-150.36280483528733
11892,1064.2416296118406
11893,-55.70346057441665
11894,-281.88753881117714
11895,72.91973813659833
11896,-168.23619798556172
11897,-693.1082178587556
11898,-690.1747682532309
11899,-192.76689787900807
11900,-277.1499334047105
11901,-398.2005369098664
11902,561.3202782946003
11903,204.75840433955025
11904,97.09585650349068
11905,-302.4219545548375
11906,272.48118753321626
11907,52.12458047107321
11908,-99.64897354995034
11909,599.8366338479977
11910,324.41612476325207
11911,282.92880857384233
11912,-362.81867944880776
11913,105.44750020613917
11914,-663.9432870424976
11915,172.91284974562845
11916,16.891389498454032
11917,114.6005194889075
11918,203.6886041252404
11919,17.765715473793573
11920,-94.51999659413946
11921,-8.764826601741508
11922,318.1770863381568
11923,909.872910592299
11924,428.56500060194367
11925,-85.05994540359374
11926,-91.03570667107493
11927,-138.05980774286806
11928,-98.9797671309444
11929,-59.430169744798505
11930,152.16324064280425
11931,57.155474549783975
11932,835.3640539564864
11933,394.58332479841584
11934,560.040143451248
11935,-59.57133819004442
11936,317.7766163885291
11937,-403.23102333474424
11938,-546.9428164574008
11939,118.4798741779818
11940,588.8950623302723
11941,237.06528768763806
11942,-184.24765359988498
11943,-438.9037276528146
11944,145.09164277187722
11945,-221.6067304652811
11946,-95.13922366708753
11947,-320.1417232075447
11948,188.3099526412859
11949,649.9976689205167
11950,-452.72690954686755
11951,-415.8478559852572
11952,399.32454822088175
11953,628.0517178037974
11954,-23.48134566311741
11955,493.5677426905751
11956,452.7189303717835
11957,272.5730330857428
11958,-267.1624021241626
11959,250.71427653949655
11960,-1066.737420504825
11961,387.9091176314662
11962,-534.8692582340923
11963,452.6672061932118
11964,387.16656747156
11965,126.96419576335308
11966,-300.05945818409754
11967,-191.9266377120731
11968,-94.12676507028934
11969,-91.13477386290992
11970,-178.34561250816168
11971,325.17672969703085
11972,-817.8126557132788
11973,195.47181274324234
11974,-678.1069543398704
11975,-229.6420665225515
11976,583.8473976179087
11977,121.64695245972608
11978,120.80541039219467
11979,-254.37169813948245
11980,-273.4635581775147
11981,-20.058734127711656
11982,271.7474882931626
11983,-639.3402046786606
11984,94.1462616969049
11985,-204.54785942717
11986,217.57861000427565
11987,-518.7194197137543
11988,638.8903544472773
11989,-55.421070945178805
11990,-130.6889414346001
11991,-119.26597134007683
11992,-70.69986736734823
11993,-365.70289518001107
11994,-367.9882309353956
11995,428.5776902502996
11996,550.8951268352445
11997,-151.94230013181334
11998,-147.15332742841576
11999,444.3879284110322
